<?xml version='1.0' encoding='UTF-8' ?>
<timeLogEntries>
  <time id="1" path="/Proyecto/PSP0/Code" start="@1536366763000" delta="108" comment="Implementacion de dos tipos de hash table" />
  <time id="2" path="/Proyecto/PSP0/Planning" start="@1536537289290" delta="23" />
  <time id="3" path="/Proyecto/PSP0/Planning" start="@1536539764255" delta="87" comment="Soluciones creativas ranking y matchmaking" />
  <time id="4" path="/Proyecto/PSP0/Code" start="@1536812874000" delta="15" />
  <time id="5" path="/Proyecto/PSP0/Design" start="@1536813081000" delta="27" comment="TADs para StackWeapon" />
  <time id="6" path="/Proyecto/PSP0/Design" start="@1536814980644" delta="48" comment="Terminado TAD StackWeapon" />
  <time id="7" path="/Proyecto/PSP0/Design" start="@1536886458273" delta="70" />
  <time id="8" path="/Proyecto/PSP0/Code" start="@1537117433153" delta="25" interrupt="2" />
  <time id="9" path="/Proyecto/PSP0/Code" start="@1537119505665" delta="28" interrupt="1" />
  <time id="10" path="/Proyecto/PSP0/Code" start="@1537125017357" delta="23" />
  <time id="11" path="/Proyecto/PSP0/Planning" start="@1537146410244" delta="54" />
  <time id="12" path="/Proyecto/PSP0/Code" start="@1537149634157" delta="69" />
  <time id="13" path="/Proyecto/PSP0/Code" start="@1537317051232" delta="131" />
  <time id="14" path="/Proyecto/PSP0/Code" start="@1537406481000" delta="70" />
  <time id="15" path="/Proyecto/PSP0/Planning" start="@1536020580000" delta="63" />
  <time id="16" path="/Proyecto/PSP0/Design" start="@1536906086000" delta="66" />
  <time id="17" path="/Proyecto/PSP0/Code" start="@1535759395000" delta="33" comment="Implementadas estructuras" />
  <time id="18" path="/Proyecto/PSP0/Code" start="@1536947020000" delta="82" />
</timeLogEntries>
