<?xml version='1.0' encoding='UTF-8' ?>
<timeLogEntries>
  <time id="1" path="/LAB2/Paso 2: Recopilación de Información" start="@1535735057330" delta="10" />
  <time id="2" path="/Proyecto/PSP0/Planning" start="@1535735782413" delta="10" comment="" />
  <time id="3" path="/Proyecto/PSP0/Planning" start="@1535736459832" delta="7" />
  <time id="4" path="/Proyecto/PSP0/Planning" start="@1535737059897" delta="6" />
  <time id="5" path="/Proyecto/PSP0/Planning" start="@1536277866720" delta="18" />
  <time id="6" path="/Proyecto/PSP0/Planning" start="@1536340433951" delta="21" />
  <time id="7" path="/Proyecto/PSP0/Code" start="@1536795886000" delta="10" comment="Se cambio servidor a implementar tabla hash" />
  <time id="8" path="/Proyecto/PSP0/Code" start="@1536338760000" delta="10" comment="Se codifico la clase Jugador y el servidor" />
  <time id="11" path="/Proyecto/PSP0/Test" start="@1536874841000" delta="15" comment="bug, no sirve el HashTable" />
  <time id="14" path="/Proyecto/PSP0/Design" start="@1536854671000" delta="10" comment="Se inicio tabla de Diseño de Pruebas" />
  <time id="15" path="/Proyecto/PSP0/Design" start="@1536855797000" delta="10" comment="Se iniciaron los TAD" />
  <time id="16" path="/Proyecto/PSP0/Design" start="@1537115607121" delta="21" comment="Se modificio y termino la tabla de Diseño de pruebas" />
  <time id="17" path="/Proyecto/PSP0/Test" start="@1537117606731" delta="4" comment="Se implementan test de añadir Jugador" />
  <time id="18" path="/Proyecto/PSP0/Test" start="@1537117875676" delta="7" comment="Se implementan test Del añadir Plataforma" />
  <time id="19" path="/Proyecto/PSP0/Code" start="@1537119497000" delta="5" comment="Se agrego Metodo Borrar Plataforma" />
  <time id="20" path="/Proyecto/PSP0/Code" start="@1536873925000" delta="10" comment="Se modifica el servidor en la implementacion del Has varias veces en busqueda de resolver BUG" />
  <time id="24" path="/Proyecto/PSP0/Design" start="@1537121133781" delta="89" comment="Se completo TAD Server y TadHashTable" />
  <time id="25" path="/Proyecto/PSP0/Design" start="@1537125730000" delta="10" />
  <time id="26" path="/Proyecto/PSP0/Design" start="@1537139536000" delta="85" comment="Se hizoel diagrama de clases" />
  <time id="27" path="/Proyecto/PSP0/Design" start="@1537300771909" delta="43" />
  <time id="28" path="/Proyecto/PSP0/Planning" start="@1537310523096" delta="15" />
  <time id="29" path="/Proyecto/PSP0/Planning" start="@1537312094000" delta="56" interrupt="3" />
  <time id="30" path="/Proyecto/PSP0/Design" start="@1537392044000" delta="38" />
  <time id="32" path="/Proyecto/PSP0/Planning" start="@1536339244000" delta="20" />
  <time id="33" path="/Proyecto/PSP0/Postmortem" start="@1537414052821" delta="8" />
  <time id="34" path="/Proyecto/PSP0/Postmortem" start="@1537415708000" delta="30" />
  <time id="36" path="/Proyecto/PSP0/Postmortem" start="@1537464036758" delta="18" />
</timeLogEntries>
