<?xml version='1.0' encoding='UTF-8' ?>
<timeLogEntries>
  <time id="1" path="/AEDLABU2/Identificación del problema" start="@1535597452000" delta="60" />
  <time id="2" path="/AEDLABU2/Recopilación de información" start="@1535683896659" delta="26" />
  <time id="3" path="/Proyecto/PSP0/Planning" start="@1535736206533" delta="60" />
  <time id="4" path="/Proyecto/PSP0/Design" start="@1535736214830" delta="26" />
  <time id="5" path="/Proyecto/PSP0/Design" start="@1535736302062" delta="5" />
  <time id="6" path="/Proyecto/PSP0/Planning" start="@1535915982224" delta="85" interrupt="15" />
  <time id="7" path="/Proyecto/PSP0/Planning" start="@1535923145403" delta="43" />
  <time id="8" path="/Proyecto/PSP0/Planning" start="@1536200908524" delta="20" />
  <time id="9" path="/Proyecto/PSP0/Planning" start="@1536466655845" delta="71" />
  <time id="10" path="/Proyecto/PSP0/Design" start="@1536514294885" delta="44" />
  <time id="11" path="/Proyecto/PSP0/Design" start="@1536525512413" delta="2" />
  <time id="12" path="/Proyecto/PSP0/Code" start="@1536531861948" delta="44" />
  <time id="13" path="/Proyecto/PSP0/Code" start="@1536538047886" delta="11" />
  <time id="14" path="/Proyecto/PSP0/Code" start="@1536595585000" delta="60" />
  <time id="15" path="/Proyecto/PSP0/Test" start="@1536603984134" delta="19" />
  <time id="16" path="/Proyecto/PSP0/Design" start="@1536605232039" delta="7" />
  <time id="17" path="/Proyecto/PSP0/Test" start="@1536804586599" delta="29" />
  <time id="18" path="/Proyecto/PSP0/Design" start="@1536806525759" delta="6" />
  <time id="19" path="/Proyecto/PSP0/Design" start="@1536894127117" delta="44" interrupt="5" />
  <time id="20" path="/Proyecto/PSP0/Code" start="@1536809841000" delta="26" />
  <time id="21" path="/Proyecto/PSP0/Design" start="@1537110193934" delta="45" />
  <time id="22" path="/Proyecto/PSP0/Design" start="@1537113648990" delta="6" />
  <time id="23" path="/Proyecto/PSP0/Design" start="@1537122439810" delta="43" />
  <time id="24" path="/Proyecto/PSP0/Test" start="@1537125187542" delta="15" />
  <time id="25" path="/Proyecto/PSP0/Test" start="@1537127319755" delta="23" />
  <time id="26" path="/Proyecto/PSP0/Test" start="@1537195620769" delta="61" />
  <time id="27" path="/Proyecto/PSP0/Test" start="@1537236997654" delta="24" />
  <time id="28" path="/Proyecto/PSP0/Postmortem" start="@1537238656037" delta="3" />
  <time id="29" path="/Proyecto/PSP0/Compile" start="@1537238865518" delta="8" />
  <time id="30" path="/Proyecto/PSP0/Code" start="@1537239327774" delta="5" />
  <time id="31" path="/Proyecto/PSP0/Design" start="@1537300349197" delta="7" />
  <time id="32" path="/Proyecto/PSP0/Code" start="@1537300746553" delta="25" />
  <time id="33" path="/Proyecto/PSP0/Design" start="@1537302243334" delta="19" />
  <time id="34" path="/Proyecto/PSP0/Design" start="@1537317599733" delta="24" />
  <time id="35" path="/Proyecto/PSP0/Test" start="@1537319039249" delta="29" />
  <time id="36" path="/Proyecto/PSP0/Test" start="@1537328740332" delta="7" />
  <time id="37" path="/Proyecto/PSP0/Test" start="@1537330319252" delta="13" />
  <time id="38" path="/Proyecto/PSP0/Test" start="@1537358848209" delta="35" />
  <time id="39" path="/Proyecto/PSP0/Postmortem" start="@1537412713299" delta="26" />
</timeLogEntries>
